player_id,saves,clean_sheets
26,1,14
80,140,24
162,58,3
447,73,1
488,25,9
557,41,12
598,158,14
643,78,8
892,122,9
1122,133,13
1144,16,6
1150,152,10
1257,127,10
1363,87,15
1474,53,5
1667,159,8
1725,63,25
1743,49,14
1784,27,7
2154,55,7
2201,14,22
2306,143,13
2386,82,25
2421,103,19
2583,23,3
2726,78,7
2857,117,14
2950,35,18
3120,87,5
3146,29,14
3151,101,7
3190,130,18
3287,136,19
3310,149,24
3322,16,7
3357,2,23
3395,63,6
3466,73,13
3473,173,25
3476,89,15
3495,37,8
3507,16,8
3534,52,2
3535,39,13
3539,160,10
3562,32,24
3564,107,2
3575,7,17
3583,167,22
3630,152,15
3692,178,20
3719,123,3
3755,62,15
3804,50,9
3838,81,4
3979,168,21
4042,56,14
4190,155,17
4233,10,25
4267,160,9
4310,25,6
4311,25,11
4334,41,14
4384,95,13
4391,44,18
4487,170,6
4513,145,2
4538,144,18
4582,131,6
4605,22,9
4693,119,12
4746,103,12
5023,13,20
5072,65,25
5278,149,7
5281,179,10
5308,105,6
5309,172,12
5338,62,17
5444,131,6
5469,62,9
5470,50,8
5576,176,7
5578,2,17
5658,103,15
5686,111,8
5687,16,8
5688,119,1
5853,147,13
5854,138,6
5880,61,24
5881,53,18
5908,49,13
5936,21,10
5986,69,10
6058,40,7
6270,44,6
6404,9,22
6442,80,15
6590,114,2
6807,134,21
6931,8,18
7079,120,15
7090,122,11
7102,80,3
7110,133,7
7214,49,15
7215,97,18
7253,156,6
7288,130,2
7311,74,8
7397,73,16
7537,83,20
7563,147,3
7589,13,2
7612,78,22
7642,22,6
7668,121,1
7669,63,11
7797,180,25
7825,138,13
7874,31,18
7914,139,12
7955,45,22
8176,147,24
8184,91,8
8246,47,20
8498,21,23
8540,87,6
8706,58,16
9091,180,22
9422,85,23
9500,67,19
9501,3,7
9667,63,16
9698,20,24
9775,28,19
9779,34,11
9847,56,16
9849,149,11
10118,99,2
10250,72,11
10254,163,12
10329,2,23
10917,22,7
11680,52,23
11757,38,9
12028,136,10
12029,30,7
12033,135,9
12359,51,17
12518,113,10
12530,52,17
12569,104,18
12589,41,9
12682,173,13
12752,43,11
12753,72,21
12772,67,21
12814,36,24
12817,175,3
12864,83,12
12880,165,1
12895,69,3
12907,150,7
12934,133,18
12957,31,2
13021,14,9
13041,52,15
13048,130,3
13074,9,2
13099,155,11
13216,18,23
13249,113,17
13271,167,4
13283,42,24
13326,72,12
13350,165,15
13443,54,23
13460,43,21
13501,68,11
13560,19,17
13572,152,18
13640,152,5
13867,48,12
13886,75,25
13894,108,7
13957,36,10
14044,47,3
14098,101,10
14219,142,7
14555,119,18
14608,114,4
14690,47,22
14695,79,12
14881,32,13
14937,92,19
15125,42,12
15164,3,25
15220,131,14
15368,83,7
15427,94,3
15472,110,23
15569,114,20
15570,177,15
15670,15,2
15676,160,20
15680,21,12
15747,125,20
15817,20,22
15916,10,8
15930,90,19
15974,37,22
15980,89,16
16058,5,25
16186,162,16
16394,88,15
16408,155,16
16420,55,23
16444,124,13
16498,111,5
16633,100,15
16693,6,12
16733,55,1
16768,102,1
16810,104,7
16816,69,8
16843,85,23
16888,163,18
16911,43,14
17029,61,16
17232,41,22
17259,42,9
17348,168,17
17592,92,2
17734,141,8
17879,118,22
17880,119,25
17965,177,22
18019,145,6
18036,72,10
18223,111,7
18350,130,9
18673,80,10
18940,52,4
19059,145,22
19114,71,5
19119,179,2
19136,101,22
19299,99,4
19301,65,3
19342,11,16
19356,22,16
19619,87,23
19693,49,10
19702,120,6
19896,26,24
19948,145,19
19958,128,15
19979,92,7
20046,66,15
20052,7,10
20394,95,9
20833,80,14
20850,169,21
20865,28,18
21010,86,18
21327,72,12
21345,160,24
21371,155,20
21387,32,8
21459,84,14
21495,5,18
21517,114,10
21552,164,14
21703,25,3
21726,10,20
21752,145,19
21829,140,9
21872,166,13
21891,88,8
21913,102,7
22092,59,19
22109,64,1
22123,41,16
22141,157,9
22149,153,16
22185,49,19
22285,66,23
22318,120,11
22340,147,18
22396,42,17
22412,21,2
22435,127,13
22484,162,14
22491,173,4
22628,115,17
22785,19,17
22851,7,6
22860,34,14
22913,89,10
22923,80,19
23086,30,5
23149,109,10
23338,38,23
23523,126,11
23584,120,17
23817,54,17
23897,108,16
23938,10,20
23951,115,6
23974,64,12
24001,44,5
24004,14,6
24064,1,6
24105,55,13
24112,81,10
24131,71,16
24175,60,16
24200,56,19
24226,37,13
24233,34,16
24284,163,1
24316,59,15
24401,94,2
24404,141,18
24480,66,19
24501,10,25
24567,180,3
24846,120,10
24994,11,2
25013,80,6
25035,44,7
25049,151,21
25229,28,19
25236,137,7
25289,83,7
25508,52,3
25520,145,16
25550,7,7
25635,83,21
25651,36,18
25834,109,15
25850,168,3
25860,170,14
26065,92,1
26229,53,22
26276,54,17
26303,169,7
26582,107,19
26633,139,2
26727,51,22
26934,179,24
27017,157,6
27053,145,23
27126,167,2
27346,14,13
27349,54,4
27486,85,16
27490,101,9
27493,97,10
27539,20,5
27565,101,22
27583,179,4
27592,2,17
27706,125,9
27807,110,15
27920,162,23
27941,72,3
28007,56,2
28021,5,20
28023,177,22
28027,33,5
28124,54,19
28186,106,8
28306,106,17
28348,5,13
28356,22,13
28716,81,6
28728,118,19
28828,14,8
28862,137,10
28997,104,25
29051,45,6
29159,137,22
29246,9,11
29386,117,5
29391,20,20
29559,69,21
29631,108,11
29686,177,15
29692,80,1
29712,137,10
29819,47,8
29896,179,16
29903,43,6
30290,34,7
30585,107,13
30690,15,3
30749,177,5
31064,92,18
31089,91,6
31336,113,17
31653,119,23
31886,76,5
31902,74,3
32217,155,12
32273,18,1
32727,85,16
32779,100,10
33027,98,17
33195,125,11
33210,93,9
33465,79,9
33480,13,6
33485,150,9
33502,2,3
33671,56,14
33735,128,22
33754,61,6
33781,72,10
33862,111,13
33869,99,19
33873,80,9
33925,36,24
34007,23,1
34053,159,11
34130,57,17
34159,106,12
34169,32,3
34284,89,16
34291,16,1
34300,137,18
34325,74,16
34334,70,2
34370,67,13
34400,54,1
34553,76,16
34670,28,16
34937,14,14
35069,57,21
35090,54,6
35241,63,23
35242,89,14
35315,167,5
35462,8,21
35491,75,6
35536,17,13
35541,97,15
35641,36,9
35865,103,23
35892,94,5
36109,100,23
36134,147,15
36211,25,23
36527,74,11
36632,148,22
36757,91,4
36758,157,10
36845,73,6
36877,115,4
36898,71,4
36903,22,22
37217,113,4
37278,136,2
37403,25,5
37549,130,4
37598,46,15
37676,121,17
37700,92,2
37760,14,18
37763,107,8
37906,110,20
37951,62,15
38297,171,20
38346,68,14
38397,104,18
38436,33,10
38582,126,2
38681,64,21
38700,35,13
39004,155,8
39015,42,13
39037,79,9
39118,93,22
39306,95,18
39471,152,15
39622,137,2
39732,16,2
39874,171,8
39910,124,9
39918,141,15
39996,7,7
40028,127,22
40034,147,18
40204,108,22
40412,37,19
40423,54,1
40555,104,18
40680,3,8
40792,177,5
41131,154,12
41164,79,2
41323,105,23
41523,3,25
41653,155,15
41912,151,13
41914,7,8
42079,162,22
42178,54,2
42205,73,2
42266,45,3
42300,176,15
42373,172,2
42466,73,4
42531,149,24
42631,40,17
42694,37,23
42717,100,25
42744,141,23
42796,135,10
42874,16,25
42940,28,15
43055,136,23
43061,145,23
43075,91,23
43112,130,1
43113,101,2
43217,56,13
43235,87,24
43237,51,22
43243,176,25
43249,19,3
43290,174,11
43411,26,20
43478,147,15
43484,82,5
43824,69,15
43858,120,11
44022,152,16
44058,63,4
44062,163,7
44177,79,22
44227,94,21
44422,146,22
44594,83,18
44607,166,4
44722,79,10
44729,93,4
44832,72,11
44972,109,24
45007,98,18
45026,2,19
45212,126,24
45214,84,1
45243,76,1
45247,22,24
45372,35,14
45494,165,17
45501,144,10
45527,165,15
45601,93,21
45672,112,10
45674,45,20
45882,72,15
45912,105,22
45921,65,17
46252,133,20
46260,176,25
46405,2,6
46991,68,8
47004,32,25
47024,127,7
47389,135,6
47594,169,18
47609,34,15
47659,99,4
47722,173,9
48003,37,19
48015,151,1
48064,20,16
48254,27,17
48514,128,14
48516,60,24
48542,32,10
48835,121,13
48870,70,4
48895,21,10
48954,91,7
49016,148,16
49022,8,6
49319,169,20
49347,20,19
50104,124,18
50219,158,16
50286,54,23
50346,145,16
50483,3,22
50552,148,9
50818,21,15
51035,16,4
51053,162,24
51161,52,12
51321,120,20
51504,6,4
51556,2,15
51699,109,1
51710,100,11
51726,94,17
51824,130,14
51882,70,8
51894,125,11
51944,2,9
51977,39,12
52042,68,21
52044,97,2
52093,21,19
52191,38,8
52199,21,4
52261,41,1
52337,131,6
52472,176,11
52506,118,25
52524,34,11
52570,153,23
52647,98,6
52723,67,16
52848,63,6
52953,152,10
53116,9,12
53231,146,13
53293,143,16
53306,133,21
53408,88,14
53600,111,12
53696,96,22
53841,137,22
54178,80,10
54217,96,23
54534,53,6
55000,74,24
55089,17,1
55135,149,12
55247,178,16
55263,67,18
55282,153,6
55360,138,21
55369,140,3
55396,34,21
55439,90,16
55756,178,14
55976,85,3
55977,50,18
55980,146,18
56005,119,5
56006,56,21
56631,28,18
56747,130,9
56760,50,12
56778,12,22
56807,1,22
56809,82,9
56921,74,3
57071,113,22
57134,134,20
57188,41,5
57285,61,5
57367,166,22
57479,175,25
57522,175,24
57581,71,11
57618,172,22
57631,4,14
57644,179,21
57657,140,25
57693,27,24
57796,7,10
57800,144,4
57856,117,18
58043,169,24
58064,33,16
58073,86,25
58088,113,15
58093,165,17
58115,131,6
58301,131,20
58341,22,11
58346,100,7
58497,129,3
58534,111,19
58567,123,9
58633,8,2
58675,145,20
58806,27,14
58825,114,21
58919,81,17
58939,28,3
58945,122,13
58971,125,21
58972,155,11
58976,59,10
59000,95,8
59022,19,24
59024,62,10
59027,15,13
59082,122,12
59209,166,22
59238,10,25
59277,152,23
59343,172,17
59349,175,11
59377,172,23
59425,22,1
59446,126,25
59471,1,21
59508,46,18
59568,118,25
59633,173,1
59800,68,6
59823,1,24
59933,142,1
59979,171,7
60085,62,2
60103,90,17
60220,50,9
60543,151,18
60561,68,9
60602,34,10
60614,10,5
60653,143,1
60923,173,5
60973,77,18
61194,15,14
61397,82,10
61694,53,7
61697,72,16
61814,137,25
61823,65,10
61883,48,3
61989,112,18
62451,78,9
62514,77,6
62645,138,25
62678,129,22
62785,23,11
62855,149,15
62947,103,6
62984,16,5
63226,115,14
63482,107,1
63665,70,6
63706,106,6
64000,83,24
64246,42,11
64344,49,17
64352,34,4
64399,56,10
64439,50,12
64615,8,5
64890,110,6
65044,96,18
65263,106,13
65266,149,20
66410,150,19
66518,162,13
66707,124,6
67144,79,3
67232,21,3
67283,7,2
67339,36,3
67797,163,1
67886,26,15
67925,21,1
68030,77,19
68410,39,6
68436,46,2
68442,152,10
68560,104,5
68847,66,12
69001,48,17
69306,61,1
69581,111,11
69611,180,4
70074,68,14
70164,130,21
70220,75,3
70333,101,11
70580,172,12
70627,4,6
70923,72,10
71123,100,13
71130,121,14
71206,115,6
71271,26,25
71442,26,15
71570,163,10
71725,105,13
71801,98,2
71835,1,1
72120,66,15
72150,180,25
72414,82,24
72422,153,1
72476,95,20
72578,39,7
72776,168,4
72829,179,16
72877,100,4
73090,97,22
73396,108,20
73417,14,14
73427,151,15
73472,14,7
73517,39,8
73564,139,16
73582,14,20
73627,60,20
73731,5,22
73986,123,14
74088,95,13
74091,76,6
74561,89,15
74689,140,21
74857,176,3
74960,22,5
75102,36,18
75213,42,16
75219,97,10
75221,125,25
75224,58,10
75411,28,16
75458,27,6
75890,14,10
76076,161,5
76158,97,17
76254,157,25
76285,57,3
77038,38,13
77248,163,7
77383,6,19
77395,6,22
77563,57,20
77639,150,2
77714,103,11
77729,52,8
77757,94,9
77825,22,11
77847,99,2
78254,85,6
78339,133,15
78390,2,17
78496,46,12
78500,113,10
78570,158,3
78819,88,25
79045,161,11
79209,167,5
79242,139,21
79285,97,6
79294,141,21
79422,85,10
79517,103,3
79573,72,23
80207,143,12
80312,177,3
80702,118,6
80894,41,19
81173,79,1
81543,157,20
81775,53,14
81817,114,2
81997,165,16
82361,179,6
82508,150,11
82693,53,1
82743,72,8
83902,53,18
84281,116,11
84363,80,18
84467,174,9
84802,105,20
84913,145,3
84938,149,16
84993,52,20
85201,20,20
85213,156,9
85240,72,17
85270,20,13
85316,75,15
85326,116,13
85339,53,20
85380,130,11
85528,41,25
85543,22,19
85627,177,8
85864,39,15
85873,79,9
85941,72,8
85949,66,13
85969,5,24
86055,12,10
86083,170,19
86099,68,15
86269,162,11
87409,152,13
88348,70,9
88371,5,15
88373,31,17
88528,113,24
88595,136,18
88614,67,5
88685,78,25
88701,173,20
88717,93,11
88879,122,7
89407,36,11
89618,146,24
89648,78,24
90317,18,21
90552,142,17
90604,128,7
90741,11,3
90800,156,5
91296,11,20
91340,143,5
91533,8,7
91540,44,21
91698,135,11
91885,27,9
91931,168,5
91945,85,23
91949,149,17
92046,54,19
92248,21,2
92983,37,18
93085,87,17
93104,71,2
93105,133,8
93561,95,18
93651,31,23
93716,179,18
93730,99,4
93763,98,19
93768,118,10
93869,61,22
94192,147,22
94195,72,14
94226,106,22
94292,149,1
94308,59,18
94686,11,9
95142,12,19
95261,42,15
95736,166,3
95738,3,9
95795,119,1
95976,5,19
96189,80,18
96254,42,4
96382,7,9
96761,138,20
96923,47,4
97925,124,5
98067,162,20
98356,122,3
98428,68,18
98544,49,1
98545,22,14
98547,79,16
99007,71,8
99254,167,21
99397,124,17
99523,74,11
99894,158,1
99916,136,24
100127,84,14
100693,156,22
100910,132,9
101031,88,19
101118,163,6
101355,21,3
101615,96,1
102146,145,1
102572,13,7
103147,176,25
103370,49,9
103440,54,4
103444,82,25
103616,167,3
103916,13,8
103981,172,19
104220,141,3
104267,85,17
104290,158,4
104376,124,9
104397,42,5
104503,57,12
104543,2,17
104686,50,11
105470,42,12
105498,116,6
106196,146,20
106320,127,15
106928,174,1
107193,134,10
107368,146,9
107775,71,21
108382,93,20
108390,3,10
108471,22,21
108880,38,17
109855,34,18
110082,38,14
110116,156,20
110369,105,25
110689,125,7
110693,38,3
110720,156,24
110864,155,14
110867,167,21
110879,61,3
110923,134,18
110925,59,18
110941,70,7
111027,126,11
111037,171,10
111041,113,18
111043,116,9
111073,60,3
111180,38,23
111426,134,9
111428,161,7
111819,56,10
111830,80,23
111873,79,16
112008,65,12
112394,90,6
112541,38,21
112822,72,21
112953,134,3
113083,164,24
113619,123,16
113888,174,17
113890,2,8
114422,135,14
114530,143,16
114899,95,2
115860,18,1
115989,153,25
116461,3,16
116471,22,19
116648,142,17
116872,44,21
116918,141,17
117107,7,12
117481,176,12
117518,83,3
117722,179,1
117925,112,2
118161,172,4
118319,7,3
118997,159,21
119034,55,4
119061,25,23
120175,31,8
120186,89,8
120211,53,1
120236,144,10
120296,148,7
120543,161,13
120582,13,1
120629,133,21
120705,6,21
120966,83,22
120975,160,22
120985,153,16
120991,32,22
121254,70,5
121387,61,24
121388,36,2
121483,152,10
122258,80,19
122383,153,1
122538,13,21
122559,104,16
122844,38,1
122995,89,4
123160,84,20
123296,82,15
123300,111,21
123503,75,2
123520,15,19
123536,157,6
123601,132,15
124125,180,7
124419,62,23
124456,137,20
124628,93,10
124884,141,16
124901,177,8
124915,163,24
125031,68,4
125172,141,23
125315,57,12
125348,105,6
125350,85,12
125714,47,10
126258,63,16
126336,134,10
126360,79,15
126558,51,8
126634,105,5
126666,53,14
126681,39,14
126705,56,10
126746,85,6
126767,107,2
127140,1,20
127181,144,7
127185,91,11
127188,178,8
127202,132,17
127217,60,17
127679,3,2
128063,76,18
128502,10,22
128813,111,3
128895,178,22
128898,132,2
128899,60,5
128969,128,11
129374,173,6
129390,55,13
129521,66,22
129558,1,17
129561,129,2
129582,156,24
129585,9,22
129646,27,15
129744,2,16
130110,83,13
130164,107,16
130388,72,24
130531,20,5
130768,106,7
131098,177,21
131758,158,22
131977,30,9
132319,173,23
133835,71,9
134382,118,2
134400,44,22
134710,128,6
135747,124,9
136109,120,20
136111,140,13
136401,150,2
136537,40,9
137326,14,15
137610,109,21
138285,163,2
138335,75,12
138413,97,22
138456,38,24
138473,32,14
138691,27,5
138800,96,20
139546,61,10
139628,14,23
139655,31,1
139743,49,4
139887,136,6
139925,152,4
140702,41,18
140808,157,10
141210,134,10
141704,36,21
141832,77,20
142033,128,20
142389,163,16
144128,104,20
144619,119,1
144786,140,8
145025,62,14
146036,98,8
146151,122,21
146227,126,8
146284,84,21
146693,91,6
146714,63,21
146799,19,2
146918,146,7
147028,79,22
147051,150,9
147072,170,8
147558,100,8
147559,139,1
148028,114,23
148081,29,22
148096,118,20
148358,170,7
148371,87,14
148484,148,6
148498,78,13
148597,145,1
148656,31,9
149239,157,12
149647,176,18
149650,12,6
150080,66,9
150212,30,5
151209,172,2
151334,177,3
152420,169,19
152460,167,24
152629,70,25
153673,11,17
153751,64,10
154351,159,20
154530,158,22
154919,12,23
155158,147,17
155396,30,14
156384,71,22
156489,109,14
156521,157,13
156676,27,9
156840,102,15
157125,156,23
157178,105,4
157484,25,19
157848,176,13
157889,88,3
158104,80,3
158375,49,13
158490,137,9
158799,125,24
159041,49,4
159079,12,9
159143,35,5
159382,64,5
159896,42,15
159955,74,4
160188,126,21
160328,124,13
160361,84,18
160482,49,7
160742,155,7
160893,115,14
160929,2,19
160954,132,9
160963,84,3
160971,1,18
161046,134,14
161465,165,21
162027,84,11
162101,11,17
162577,17,22
162632,86,2
162653,41,7
163048,24,24
163051,12,10
163214,100,9
163531,68,14
163532,21,1
163568,84,4
163652,108,23
164145,47,19
164208,125,13
164561,39,12
164729,97,5
164904,150,12
164915,48,4
164919,129,4
164967,48,17
165004,24,4
165354,66,2
165467,87,14
165794,91,7
165812,145,12
165893,139,20
165896,116,11
166038,145,9
166326,4,17
166575,130,3
166581,165,24
166591,1,5
167189,67,10
167228,60,14
167297,150,4
167685,95,8
168106,113,13
168166,106,5
168178,44,3
168199,159,1
168253,7,23
168527,77,2
168754,30,16
168797,41,19
169504,100,19
169642,164,12
169687,65,6
169874,81,18
169927,180,16
169931,134,18
170344,143,21
170471,59,3
170509,66,4
170517,156,4
170540,121,7
170607,18,4
170649,8,9
170672,131,2
170841,25,5
170911,11,23
170968,78,18
170979,85,1
171170,67,24
171206,138,10
171312,117,20
171382,125,9
171790,87,24
172015,161,4
172546,155,22
172665,25,14
173579,114,15
173674,9,7
174213,102,21
175188,150,5
175247,94,23
175383,44,3
175972,25,24
176182,130,23
176311,93,4
176406,41,20
176573,114,14
176612,27,13
176936,110,2
177276,11,1
177350,122,3
177475,103,1
177547,57,22
177776,122,4
177852,126,11
177952,68,23
177953,180,11
178942,30,21
179454,38,2
179658,45,20
179689,144,23
181061,55,2
181135,50,2
181337,166,10
181763,31,8
181773,114,20
181833,33,8
182367,132,9
182557,133,8
182682,147,1
182722,60,16
182891,143,4
182906,174,13
182937,25,21
183166,152,8
183301,113,8
183793,12,17
183837,32,4
184340,120,12
185031,145,15
185167,133,14
185795,54,17
186650,170,22
186769,155,12
186901,166,8
186923,132,14
187203,96,12
187212,69,18
187246,92,10
187300,35,25
187594,105,11
187624,42,10
187798,3,24
188613,145,24
188930,115,4
189637,23,7
189744,57,18
190145,44,3
190188,160,4
190190,68,14
190263,3,16
190280,106,13
190366,34,16
190687,71,16
190786,66,3
190909,168,20
190924,36,17
191056,149,5
191284,6,13
191556,108,17
191654,14,21
191853,26,6
192080,30,10
192268,81,12
192279,113,13
192507,127,25
192540,158,8
192601,87,17
192605,88,3
192611,155,9
192968,79,18
192991,67,11
193070,21,5
193076,46,19
193093,165,4
193142,106,18
193217,85,5
193256,123,11
193306,21,13
193470,166,25
193632,170,24
193861,120,14
193956,61,4
193980,109,11
194435,146,21
194507,101,20
195062,47,2
195488,48,9
195546,141,9
195778,103,14
196382,52,5
196427,67,2
196717,6,23
196722,110,14
196791,31,19
196813,114,12
196826,99,11
196829,148,6
196842,78,16
197128,99,3
197166,4,15
197493,10,8
197578,15,18
197610,12,15
197868,28,19
197929,62,17
198210,169,10
198496,123,9
198570,33,4
198582,64,15
198638,90,3
199001,11,13
199179,23,14
199221,53,2
199255,141,14
199305,135,23
199321,15,4
199325,111,2
199470,23,21
199598,142,7
199603,156,18
199659,75,3
199800,108,5
199909,88,15
199976,60,21
200168,49,16
200475,53,8
200612,161,15
200616,95,23
200855,93,2
200956,71,25
201574,140,24
202834,82,11
203026,28,20
203054,87,20
203173,115,3
203377,108,17
203405,65,18
203411,63,3
203638,57,15
203958,9,25
203986,30,1
204144,51,18
204189,38,4
205018,157,5
205128,105,23
205307,19,24
205465,121,7
205657,85,22
205676,138,17
205757,129,16
205865,65,9
205927,139,21
205976,79,24
206197,149,18
206364,109,1
206693,178,22
206699,101,15
206743,144,5
206844,107,15
206888,180,14
207048,12,3
207194,9,23
207302,71,4
207518,129,19
207834,146,17
207931,49,23
208072,93,22
208166,8,24
208379,10,15
208512,13,14
208596,136,20
208599,153,17
208772,13,1
209569,131,13
209574,106,14
209576,68,25
209953,68,10
210528,94,13
210662,124,5
211017,18,11
211076,43,4
211530,79,13
212198,130,7
212216,122,9
212233,167,19
212251,135,19
212862,75,10
213762,150,13
213973,23,20
213990,8,17
214073,138,6
214113,132,18
214467,81,10
214701,93,8
215094,136,16
215167,169,8
215213,133,5
215551,81,10
215589,87,24
215677,118,9
215784,33,24
215810,9,6
216811,123,23
216896,54,14
217652,111,18
217686,97,11
217718,178,12
217754,71,13
217760,61,7
218431,2,17
220491,125,6
220999,37,7
221624,99,4
221630,44,13
222014,4,21
222124,57,17
222209,82,12
222636,46,17
223025,58,4
223522,42,10
223720,69,7
223781,15,16
223790,163,17
223972,115,15
224363,117,15
225144,4,19
225178,145,20
225632,66,16
225736,81,23
226012,104,15
226049,35,1
226073,140,25
226410,48,2
226802,95,22
227089,148,12
227236,62,8
227444,143,15
227805,140,12
228660,149,1
228975,23,17
229032,37,3
229081,45,11
229292,91,5
229604,172,5
229798,152,23
230014,37,14
230500,57,8
230523,74,11
230946,36,9
230960,90,4
231169,98,7
231381,120,8
231401,114,14
231447,178,9
231650,177,12
231712,92,7
231770,3,4
231786,110,13
232149,126,8
233072,49,13
234314,45,22
234509,143,5
234615,63,4
234729,109,4
234784,100,13
234811,38,10
234880,19,2
234887,114,12
234888,102,15
235024,43,8
235108,75,3
235344,179,5
235347,74,2
235735,124,12
235921,131,15
236366,15,23
236734,104,23
236781,4,23
237297,154,19
237632,160,10
238032,168,20
238199,121,7
238214,7,14
238223,83,18
238479,65,11
238537,117,20
238635,34,21
238647,130,3
238720,65,13
238722,174,17
238953,119,8
238966,36,1
238993,144,19
239234,81,17
239576,158,14
239673,69,2
239749,62,12
239856,147,5
240157,4,19
240178,161,21
240194,101,15
240414,173,10
240457,5,17
240675,104,25
240799,144,10
240941,128,3
240956,160,14
241069,73,2
241199,119,12
241231,10,7
241389,22,5
241613,27,24
241923,20,10
241974,108,5
242082,3,24
242089,9,14
242284,57,7
242301,143,8
242359,94,14
242411,50,19
242416,169,10
242537,9,6
242630,28,25
242637,133,12
242681,115,6
242716,123,13
242750,132,20
243007,107,4
243096,25,13
243591,18,18
243610,109,3
243679,80,8
243704,28,4
244175,143,13
244192,46,7
244253,108,13
244260,46,6
244491,132,25
244620,61,2
244802,67,10
244945,110,1
245029,87,2
245032,84,24
245092,114,15
245625,128,3
246051,118,15
246335,176,7
247766,16,20
247915,150,21
248215,15,9
248349,166,17
248454,139,17
248592,75,18
248658,154,6
248738,92,17
248861,33,17
248870,129,7
248930,106,16
249166,56,9
249466,22,10
249761,62,1
249994,114,9
250209,38,24
250543,32,5
250683,164,19
250870,82,25
250937,4,11
251070,110,16
251299,160,2
251322,22,22
251492,140,6
251877,70,20
251892,176,8
252056,45,11
253211,13,4
253232,119,8
253896,131,25
254036,20,25
254368,78,9
254903,166,6
255294,57,18
255322,2,7
255440,99,8
255532,126,22
255928,35,15
256323,31,10
256339,13,6
256371,2,1
256567,24,12
256996,94,6
257252,10,15
257293,118,14
257369,25,11
257474,119,24
257489,24,21
257660,127,23
257791,163,11
257813,41,17
257814,131,11
257838,70,14
257980,116,17
258023,30,4
258029,17,3
258036,110,6
258267,79,20
258362,166,18
258369,18,17
258382,131,3
258482,14,2
258520,20,8
258919,41,5
258920,140,11
258970,111,9
259150,4,11
259151,155,20
259932,42,7
260053,18,3
260063,123,9
260662,69,18
260677,170,1
260686,100,10
260740,127,13
260841,79,20
261058,80,3
261106,37,23
262063,26,24
262396,89,10
262723,107,18
262749,4,3
263065,89,23
263932,11,2
264014,44,21
264176,108,4
264302,15,2
264304,158,18
264431,163,2
264851,151,7
265077,44,17
265079,83,2
265153,100,2
265398,92,7
265454,84,16
265507,91,22
266203,13,7
266441,75,13
266761,128,11
267388,14,7
268946,7,21
268995,180,8
269351,98,11
269864,55,5
270486,133,9
270571,29,6
271225,97,12
271611,33,12
271891,94,8
272619,51,1
273547,167,7
273597,129,25
274039,161,20
274083,121,9
274344,111,22
274351,156,19
274958,24,18
274989,43,24
275218,128,15
275483,158,1
275671,115,11
276305,77,25
276380,70,11
276474,36,6
276792,69,9
276853,91,1
277221,177,8
277242,155,18
277607,119,14
278190,48,20
278707,3,13
278917,83,19
278938,58,4
279133,72,23
279338,126,13
279343,47,16
279829,9,13
279935,52,2
280528,67,7
280635,5,10
280644,148,24
281608,140,6
281683,141,18
281829,131,17
281873,96,20
281879,166,12
282028,142,20
282372,25,10
282409,121,23
282435,127,11
282460,111,20
282575,65,13
282654,130,5
282706,178,13
282725,44,15
282823,13,7
283170,7,11
283232,146,5
283420,55,16
283474,167,23
283489,24,23
283580,23,24
284270,173,4
284342,43,20
284346,66,19
284430,170,7
284701,96,10
284769,166,8
284990,42,11
285033,60,8
285283,108,16
285551,149,1
285583,176,8
285867,24,1
285946,95,6
286047,35,25
286170,179,12
286263,122,24
286378,171,14
286392,152,24
286415,145,25
286772,132,17
286837,34,25
286908,153,17
286943,27,25
287025,55,7
287032,42,11
287653,1,21
287871,121,6
287931,125,24
288181,154,11
288239,3,1
288252,165,7
288259,123,19
288371,27,3
288376,157,20
288415,76,24
288426,99,11
288559,70,15
288948,58,16
289060,29,15
289199,174,3
289528,113,6
289583,20,19
289640,122,1
289791,105,12
289847,170,16
290087,128,19
290088,52,22
290275,128,15
290346,117,13
290415,65,2
290537,12,1
290550,61,17
290559,64,1
291033,164,14
291236,108,7
291241,142,9
291254,142,17
291278,48,14
291314,132,11
291383,11,7
291548,7,5
291979,13,13
292199,17,17
292396,149,14
292809,102,12
292845,84,8
293106,33,20
293257,76,2
293271,155,4
293272,99,6
293492,93,9
293828,105,19
293956,153,11
294699,116,25
294723,20,19
294817,131,24
295073,130,22
295310,94,21
295360,148,22
295400,128,3
295766,168,15
296284,114,14
296513,123,4
296659,90,17
296741,159,21
296802,148,25
297033,56,17
297194,127,11
297367,29,16
297373,61,24
297772,119,11
298185,114,9
298197,59,10
298580,73,13
298581,145,1
298613,168,1
299561,56,21
299715,125,6
299839,103,8
300137,57,18
300340,22,24
300582,153,5
301238,146,14
301240,141,18
301584,49,9
301696,164,21
301736,37,11
301813,113,2
302000,101,17
302314,75,12
303157,176,6
303248,104,5
303456,176,22
303597,81,15
303657,121,22
304746,14,3
305077,53,6
305418,130,19
305464,51,1
305493,174,1
306609,15,18
308431,145,2
308433,26,16
308469,97,3
309175,96,18
309397,95,5
310482,61,15
310708,82,8
312181,134,20
312473,63,25
312479,60,3
312621,104,10
312739,142,5
312756,11,25
312773,44,25
312879,168,22
312891,94,21
313078,105,14
314862,31,9
314995,151,16
315121,3,21
315235,2,8
315253,19,1
315751,172,20
315788,39,24
315798,158,23
315858,48,16
315869,89,10
315910,92,5
316442,44,11
316884,31,21
316983,117,22
317057,153,3
317086,115,23
317179,140,4
317444,78,10
317818,171,18
318084,60,24
318470,39,8
318507,96,12
318547,23,11
318707,176,14
318910,10,13
319177,1,25
319287,32,22
320871,83,4
320954,37,1
321327,48,17
321571,172,17
321714,25,21
322383,76,19
322770,172,20
322873,55,9
322955,72,12
323200,52,25
323255,124,16
323929,40,17
324178,53,19
324352,145,24
324829,50,4
325179,31,15
325410,67,25
326028,96,24
326221,83,8
326363,47,15
327326,71,16
327881,164,2
328704,127,10
328770,98,12
328874,129,9
329385,133,6
329768,108,11
329813,77,15
329899,61,8
330331,25,13
330824,174,9
330871,87,1
331553,37,1
331572,75,17
331573,40,7
331574,12,21
331977,98,5
332134,23,21
332144,83,11
332745,68,13
333074,50,24
333175,1,17
333323,24,18
333640,102,20
333694,59,9
333878,42,22
333901,83,1
334434,15,16
334453,138,7
334477,118,22
334992,43,2
335027,150,20
335221,5,13
335247,71,4
335400,55,5
335563,142,12
335619,39,19
335996,179,11
335997,7,21
336077,77,21
336116,1,24
336268,130,19
336307,36,20
336563,143,18
336637,173,13
336756,84,25
336760,167,16
337082,77,25
337090,43,14
337135,120,25
337290,144,22
337356,174,5
337795,142,15
337920,128,8
337928,122,10
338055,86,7
338101,172,6
338286,159,21
338297,171,10
338651,136,2
338665,103,11
338670,112,23
338783,28,13
338903,173,8
338908,111,4
339253,24,19
340174,130,11
340264,132,16
340265,61,14
340353,100,8
340360,1,4
340429,82,8
340430,153,20
340448,176,5
340453,97,10
340880,29,13
340914,122,7
340918,146,25
341043,151,11
341134,108,7
341266,37,5
341447,24,8
341485,63,16
341535,119,22
341649,111,10
341713,41,20
342012,58,4
342050,52,21
342065,157,19
342083,110,10
342202,44,19
342383,44,22
342531,44,22
342703,98,6
342876,131,4
342966,144,15
342995,107,10
343044,20,5
343055,154,15
343149,70,3
343488,60,6
343953,139,19
344457,11,4
344591,100,8
344905,138,14
344916,31,11
345408,97,20
345437,76,18
345575,74,15
345597,9,7
345747,120,9
345750,133,21
345899,93,12
346175,175,25
346528,177,19
346546,101,22
346551,34,4
346572,122,21
347353,75,17
347383,100,5
347469,47,4
347610,86,25
348088,145,5
348519,21,24
348676,78,2
348736,106,17
348778,142,24
349347,126,7
349418,39,20
349499,137,16
349536,136,8
349571,154,4
349936,171,3
350082,75,5
350347,146,3
351095,170,16
351419,124,11
351421,81,14
351503,87,16
351808,135,9
352015,141,23
352041,86,4
352558,20,13
352659,131,17
352934,60,14
353129,158,3
353148,180,15
353275,33,23
353368,65,4
353609,61,22
353728,126,22
353860,146,8
354017,38,12
354381,80,11
354463,116,11
354715,30,15
355444,105,19
355490,5,18
355540,125,5
355748,117,7
355749,65,21
356009,87,6
357047,77,2
357066,72,10
357117,127,1
357153,127,25
357187,10,22
357658,100,22
357780,175,4
357788,155,14
357983,146,15
357991,131,18
358505,47,8
358506,86,4
359239,65,1
360791,54,19
361027,161,10
361032,50,19
361082,174,10
361108,70,4
361256,156,15
361272,165,18
362340,8,10
362791,109,9
363009,32,12
363010,39,13
363541,33,16
363654,123,8
363871,37,24
364038,149,8
364257,90,8
365450,119,22
365544,57,10
366212,87,12
366217,122,18
366445,178,8
366974,96,19
367426,33,15
367464,145,21
367651,132,21
369086,121,15
369258,53,25
369523,98,7
370701,122,16
370844,176,10
370997,112,22
371013,65,15
371021,120,22
371158,84,19
371247,63,11
371307,140,13
371320,169,16
371345,35,7
371816,82,7
371981,103,22
372015,9,4
372134,168,3
372201,40,17
372300,95,23
372380,156,22
372710,163,2
372801,170,8
373027,89,22
373278,96,22
373358,114,15
373714,56,5
373939,174,8
374055,129,15
374698,144,25
375299,86,14
375659,87,24
375770,132,1
376605,105,9
378224,56,16
378482,143,20
378947,66,13
379548,171,20
379869,146,17
379959,137,14
380019,176,20
380445,146,12
380478,76,10
381250,130,4
381284,88,18
381469,121,1
382500,167,8
382550,160,15
383008,35,3
383208,108,1
383568,33,3
383571,68,19
383705,101,15
383774,167,24
383804,51,15
385257,117,22
385400,74,8
385412,71,15
386062,109,18
386154,144,19
386567,99,6
387197,69,6
387241,84,11
387990,117,21
388067,133,5
388359,91,6
388516,53,12
388815,107,23
388988,81,13
389950,117,21
390048,165,18
390130,25,21
390304,124,16
390539,126,10
390809,156,25
390814,29,7
390942,152,2
391048,152,22
391049,82,10
391337,31,18
391405,110,9
391406,94,19
391683,131,25
391931,149,4
392124,29,8
392331,78,5
392530,25,2
392681,11,16
392717,46,9
392951,125,5
393010,142,5
393155,91,18
393371,63,23
393489,69,17
393604,177,21
393797,146,11
393883,96,23
394348,73,5
394849,72,4
394903,12,11
395068,59,5
395075,180,2
395076,149,8
395086,138,23
395102,112,15
395251,169,14
395421,26,3
395602,57,4
395626,155,21
395653,24,2
395671,174,10
395706,13,5
396077,81,5
396094,75,22
396107,151,8
396337,128,8
396341,136,10
396427,27,12
396583,39,6
396768,119,1
396859,5,15
397228,163,19
397676,5,6
397728,119,10
397833,18,2
397856,25,16
398063,62,18
398131,123,13
398971,178,12
399158,109,1
399360,77,23
399382,96,9
399506,110,17
399782,42,7
400419,88,6
400535,78,14
400536,112,9
400708,94,5
401161,169,5
401535,83,15
401636,51,12
401825,114,1
402058,167,1
402613,140,5
402624,26,25
402647,73,2
402925,107,9
402962,138,12
403151,82,5
403564,5,8
403566,110,22
403800,130,2
404821,13,18
404838,93,5
404839,156,18
405718,130,20
406556,14,9
406727,166,15
406889,112,10
407841,26,14
408288,144,3
408895,32,7
409087,66,1
409346,2,8
409490,49,18
409498,82,11
409533,146,10
410070,41,22
410226,171,10
410229,176,19
410436,178,17
410781,177,14
412042,104,7
412596,101,13
412741,30,7
412946,51,14
412948,151,25
414162,167,1
415333,147,6
415383,154,8
415529,156,14
415801,163,6
415807,75,20
416012,39,7
416074,92,12
416359,38,7
416472,69,8
417242,35,20
417278,104,5
417414,127,10
417913,175,25
418144,99,5
418561,144,14
418615,51,24
418651,72,20
418887,87,23
419065,152,4
419120,32,24
419924,177,1
419996,7,12
420179,133,24
420467,99,22
420921,73,19
421045,70,4
421764,173,22
421766,129,22
421873,46,23
422948,161,21
423605,54,12
424071,48,17
424143,117,25
424328,57,1
424759,160,22
424901,87,5
425306,21,21
425496,146,5
426142,133,14
426212,93,23
426685,98,23
426849,131,20
427107,39,15
427341,5,11
427511,19,21
427568,102,20
428016,167,21
428948,174,23
429563,157,24
429927,66,17
430152,56,16
430475,37,12
430482,132,6
431422,180,1
431706,40,23
432121,119,15
432141,33,2
432298,30,17
432384,170,2
432671,30,11
433982,63,2
434682,73,19
434861,74,19
435135,41,20
435406,14,16
436061,75,18
438682,171,2
440135,13,21
440869,44,4
441286,4,14
441994,41,19
442531,163,9
443542,124,13
443683,97,17
443900,69,1
443983,110,4
443995,179,24
444641,170,8
445256,126,10
445804,45,12
446418,165,10
447063,70,1
447785,135,12
448632,165,12
448696,105,20
448705,172,21
448835,93,2
449084,37,19
449111,3,21
449120,175,22
449351,63,11
449377,141,3
450218,125,6
450427,17,18
450559,47,5
450837,14,7
450853,57,5
451128,85,13
451154,96,3
451244,51,1
451245,23,9
451811,142,8
452192,29,22
452619,159,18
452707,175,19
452803,146,4
453362,161,10
453704,143,25
453737,129,21
453757,16,21
453770,17,6
453807,103,25
453874,15,24
454149,55,13
454187,114,9
454574,179,11
455062,172,25
455241,152,14
455758,108,6
455922,105,18
456111,57,3
456292,139,5
457072,153,20
457522,108,5
457528,82,8
457620,72,4
457873,180,5
457961,79,12
457979,176,7
458173,51,8
458353,95,10
458417,67,15
458499,113,16
458581,130,8
459300,92,7
459697,179,3
459763,108,15
459842,67,3
460034,137,2
460114,90,16
460218,35,22
460610,155,17
460626,114,12
460637,11,1
461484,17,3
461485,84,1
461505,113,4
461581,43,2
461613,9,18
461653,1,15
461682,63,7
461895,17,7
461909,178,10
461963,97,19
462285,17,16
462699,50,18
462820,100,3
463320,76,22
463497,157,18
463526,3,6
463527,102,20
463600,105,7
463601,36,15
463737,100,5
463775,117,24
463792,14,3
464303,72,8
464373,178,3
464378,146,10
464753,145,1
464983,132,17
465555,171,15
465836,136,4
465857,143,12
465955,150,23
466367,122,16
466783,86,9
467240,138,22
467545,99,14
468539,80,9
468927,1,11
469737,43,16
470166,29,25
470816,140,20
471005,93,11
471691,9,1
471797,13,19
471936,177,4
473917,82,17
475407,177,17
475419,109,2
476079,14,15
476100,71,23
476274,35,8
477180,82,17
477449,59,1
477460,5,21
477476,136,20
477924,153,15
478346,72,1
478872,107,9
480135,102,2
480453,8,1
480958,71,21
480966,66,10
481344,150,22
481639,147,21
481675,21,9
483007,67,4
484838,85,24
485578,100,8
485588,25,2
486040,173,4
486046,145,20
486144,33,3
486604,92,1
487167,105,17
487828,165,9
488270,1,9
488935,64,20
489343,49,9
490387,111,6
490606,17,5
490609,111,7
491293,90,13
491389,46,10
491737,130,24
492319,117,16
492486,111,14
492490,145,10
493330,103,24
493513,56,11
494284,153,11
494301,73,13
495033,178,25
495441,148,14
495602,76,12
495627,30,25
495722,52,25
495917,11,20
497143,14,20
497190,133,23
497225,14,11
497692,139,8
499319,76,5
499441,153,16
499606,97,22
500091,86,18
501156,130,12
501737,78,12
502070,108,2
502261,38,9
502475,89,15
502676,142,23
503032,84,8
503331,151,13
503625,166,6
503685,153,3
503765,18,21
503769,165,19
503883,132,1
503998,30,13
504042,134,5
504072,135,15
504825,38,14
505046,93,18
505934,168,6
509510,165,19
510262,63,8
511117,81,24
511119,153,17
511168,147,3
511790,66,8
511964,9,19
512344,160,2
513257,21,20
513972,166,14
514218,114,6
514287,114,4
515058,90,11
515074,24,19
515386,63,7
515621,116,13
516948,155,14
517294,111,9
517724,165,24
517821,27,10
517862,113,9
517967,27,20
518258,50,19
519035,83,20
520056,28,18
520785,85,15
521634,85,19
521956,33,12
522142,7,8
523046,1,9
523240,75,2
524021,77,15
524393,100,6
524610,48,2
524839,124,22
524937,179,10
525155,13,15
525438,113,21
525885,179,12
525962,16,4
526258,41,14
526448,22,5
526641,164,25
526845,84,23
526873,42,17
527026,144,10
527555,157,14
528181,7,3
529113,51,21
529425,70,22
529595,124,22
529833,21,19
530131,132,13
530253,143,8
531161,5,5
531274,169,3
531373,154,10
531712,67,18
532536,30,9
532772,19,8
532824,131,6
532900,36,17
533637,82,7
534015,170,7
534477,146,12
534491,38,22
534918,128,11
535740,115,23
535741,100,16
535881,61,3
536476,125,3
536501,167,5
537171,147,14
537367,86,8
537369,90,11
537475,169,20
537476,115,5
537548,1,10
537566,103,23
537611,112,8
537841,120,9
537844,92,2
537944,29,2
538073,166,3
538079,156,20
538253,48,10
538954,144,9
538960,137,6
539425,153,7
539860,83,12
540058,148,8
540270,75,13
540630,7,19
540641,106,5
540642,30,15
540643,106,5
541232,180,23
541282,46,23
542432,162,23
542586,98,25
542588,38,20
542680,8,15
542691,50,22
542780,44,12
543103,78,18
543666,164,20
543726,162,1
546133,139,4
546343,176,25
546351,128,4
547248,94,15
547314,41,10
547553,87,17
547889,71,5
547960,29,14
548186,114,9
548347,49,23
548635,25,2
548934,6,16
549039,131,10
549069,147,6
549318,142,11
549983,54,14
550137,164,15
550829,122,13
551182,89,9
552223,35,20
553282,102,10
554297,50,19
554389,108,9
554422,11,15
554530,86,9
554717,143,16
555074,121,3
555135,103,21
555146,33,23
555557,61,20
556103,161,6
557015,156,2
557558,93,23
558631,135,16
559161,147,21
559320,157,5
559331,166,1
561613,160,9
561702,123,7
561875,125,1
562060,4,25
562742,168,7
563140,108,4
563419,129,14
564247,106,5
564530,50,2
564792,37,6
564968,30,4
565093,121,2
565429,86,20
565684,134,2
566666,99,3
566799,159,19
566910,161,21
567141,158,14
567148,160,1
567465,169,3
567491,46,5
567532,97,18
567664,96,9
567668,124,8
568154,116,14
568183,108,4
568461,99,23
568617,155,15
569288,139,6
569842,89,5
569944,42,22
569979,55,13
570508,54,11
570819,178,22
571467,48,9
572163,55,6
572891,151,12
573132,69,13
573290,62,7
573366,97,1
573816,88,1
573907,174,20
574164,156,7
574203,115,5
574448,118,1
574901,101,25
575472,35,5
576033,158,24
576099,88,1
576566,84,23
577869,83,14
579207,15,19
579746,26,12
579950,26,3
580281,118,20
580434,78,9
581604,33,20
581619,99,17
581640,149,21
581660,144,15
581890,25,14
581915,83,3
582078,78,7
582642,130,17
582698,53,25
582718,125,4
583218,128,6
583585,10,7
584118,54,10
584493,138,3
584630,27,8
585202,173,23
585323,88,21
585550,106,8
586229,122,9
586537,82,14
586559,40,19
586712,157,23
586740,120,16
587179,109,5
587726,15,3
587903,83,12
590039,59,6
590147,97,8
591190,87,7
591844,146,20
591878,33,2
592336,2,5
592924,21,3
593071,159,21
593163,129,18
593315,53,10
593378,127,10
594993,57,17
595011,105,21
595935,46,2
596103,110,16
597512,49,23
597732,28,2
597804,60,1
597880,108,9
598156,94,25
598828,150,19
599150,57,10
599589,151,8
599999,125,17
600677,143,13
600942,67,13
601228,112,10
601451,52,2
601556,61,12
602299,23,11
602598,12,2
602630,167,3
602899,142,8
602979,66,25
603670,116,4
603692,161,16
604207,107,21
604326,104,21
604914,76,20
605364,176,22
605427,32,10
605757,140,8
606022,42,4
606038,7,12
606277,106,4
606301,14,16
606576,158,20
606614,79,8
606848,138,11
606882,94,18
606907,40,24
607113,107,8
607133,171,20
607720,154,15
607780,56,6
608382,39,14
608406,13,9
608735,2,4
609881,92,12
610239,52,5
610289,156,21
610331,51,3
610408,8,13
610417,94,24
610423,4,9
610432,86,18
610863,90,4
611202,49,9
611673,163,16
611811,175,21
611912,117,6
611935,134,9
612059,126,4
613495,104,3
613505,120,16
613533,174,4
613975,147,7
614770,104,24
615314,75,5
615430,7,18
616228,138,21
616283,61,13
616467,7,10
616489,92,18
617059,65,24
617164,92,17
617178,161,23
617520,113,5
617808,5,5
617875,133,21
617982,113,14
618087,41,1
618154,50,2
618342,63,9
618463,135,1
618465,161,12
618502,41,1
618565,110,4
618801,6,23
619045,109,23
619872,22,15
620295,110,6
620912,119,21
621223,159,14
621391,11,11
621554,178,25
621586,156,2
621910,157,6
621997,126,6
622179,142,21
622236,118,4
622521,29,22
623158,70,13
623160,120,25
623166,133,12
623232,39,7
623254,41,4
623318,23,21
623412,53,25
623525,14,25
623526,69,11
623606,18,8
623851,66,11
624134,72,4
624151,174,24
624163,42,16
625014,11,3
625657,22,8
627198,102,6
627213,131,9
628487,54,19
628580,130,11
629032,146,14
629587,100,8
629773,139,8
631693,110,13
632256,1,15
632471,89,17
632631,1,17
632913,13,25
633645,137,11
633647,164,21
633754,40,2
634116,13,2
634117,147,23
635129,87,5
635371,163,20
635993,43,24
636092,50,24
636741,124,23
637549,151,8
638365,39,13
639582,42,1
640395,7,3
640470,53,22
640544,86,16
642380,49,3
644796,169,25
645966,75,22
646122,35,12
646708,64,24
646741,136,13
646991,77,9
647098,151,4
649032,126,12
649996,33,25
650989,14,1
651534,167,12
652920,168,16
654049,140,6
654408,9,22
654420,39,9
654472,155,10
654507,135,3
654681,141,14
654919,106,16
655019,43,4
655136,170,13
655461,116,2
655463,3,12
655660,111,18
655896,121,18
655903,6,10
656206,95,13
656250,70,14
656316,36,23
656701,133,12
658274,126,22
658586,8,24
659225,64,6
659648,51,7
662334,92,6
662810,12,15
663519,128,1
665404,163,16
665971,80,14
666211,148,14
666975,21,17
667060,24,14
667640,30,4
667902,111,18
667915,96,4
667991,105,3
668278,12,18
668996,86,4
669219,63,7
669477,137,13
670295,156,18
670710,138,25
670711,126,12
670840,112,24
671203,160,5
671656,32,19
671665,171,6
671666,11,1
671739,61,2
671916,115,10
672449,47,14
673193,90,10
673976,61,18
675555,74,24
677252,31,14
678006,20,13
678491,152,10
678503,114,2
678672,26,2
680218,105,9
684116,54,11
684699,137,19
685086,159,5
685658,84,18
685805,123,24
686028,148,24
687560,129,18
688245,142,13
688246,11,21
690300,132,15
690568,66,3
690624,114,5
690625,49,22
691529,20,3
692286,122,25
692463,160,12
692563,55,5
693312,59,23
694499,38,22
694535,68,13
695141,143,10
695208,11,12
695422,172,5
696022,133,9
696600,122,4
696849,174,12
697853,116,15
698454,55,22
698776,17,18
698840,127,8
699306,112,16
699957,128,8
700067,126,2
700168,110,3
700643,40,1
701508,63,5
702402,29,10
702443,163,8
703227,75,22
703778,154,1
703779,30,22
704079,178,9
704252,115,21
704260,148,11
704337,102,10
704772,94,13
705094,170,19
706037,125,15
706584,169,5
706797,119,12
706815,43,14
706859,126,8
707103,51,11
707245,146,4
707271,99,24
707643,156,24
707804,139,7
708600,54,7
709478,176,12
709653,131,5
709955,96,17
709980,75,5
709986,84,18
710045,177,6
710474,118,9
711367,6,19
712042,134,14
712107,62,22
712181,62,18
712911,141,1
713632,95,18
714313,54,4
715382,75,16
715616,159,23
716525,68,3
717394,102,5
717421,52,18
717952,29,6
718289,23,14
718755,142,19
718756,92,1
719646,92,17
719677,77,12
720930,96,7
721481,56,20
721532,104,6
723005,7,22
724421,109,19
725356,131,24
725816,159,18
725963,41,11
726012,94,25
726033,17,25
726108,174,11
726120,66,12
726485,168,16
727077,118,18
727147,174,8
728033,29,24
728379,144,15
728516,154,14
729010,121,5
729432,50,15
729638,20,16
731466,112,5
731469,89,22
732870,84,21
733430,78,7
733856,75,16
735347,148,19
735364,29,13
735416,136,7
736251,105,4
738480,127,11
738504,61,22
740517,171,5
741236,124,15
741285,135,22
741351,130,7
741492,88,14
742091,139,1
742719,117,21
743231,9,22
743375,64,8
743515,69,4
744146,19,1
745211,30,21
745341,130,6
745573,1,16
747001,175,12
747315,148,1
747635,147,23
747967,180,5
748061,73,18
751093,122,5
751977,163,16
752046,38,2
752862,17,12
764683,159,6
766552,49,6
767255,102,13
771906,62,15
774554,161,15
775709,4,9
775832,55,11
783017,17,21
789419,149,15
790273,35,7
790669,175,2
794159,174,24
795201,51,5
796259,12,14
796490,130,14
797461,141,22
798664,174,17
799899,124,15
799914,21,12
800946,37,15
801577,147,15
802540,85,7
802986,169,17
804650,46,5
804652,38,6
804829,36,14
806930,51,15
806948,5,12
808889,3,10
808943,15,22
809986,22,15
810205,146,6
810846,180,14
811027,180,2
811169,159,9
811794,121,10
812170,65,15
812658,168,20
812863,155,19
813007,63,7
813121,47,20
814434,175,3
814848,96,14
815563,12,16
816192,44,6
817698,129,15
817974,140,17
818068,116,12
818285,33,21
818507,56,21
818703,108,10
818892,16,1
818898,63,1
818929,175,20
819237,45,11
821105,5,15
821730,78,4
822900,73,17
824754,19,25
825444,93,11
825448,1,1
825449,128,6
825481,33,1
826375,112,12
826410,31,1
827583,113,22
829039,111,18
829949,75,2
830028,107,6
833884,25,4
834397,40,7
835136,9,4
836132,90,16
836757,88,24
837290,41,6
838367,89,1
838670,123,16
838947,5,5
839652,18,17
840835,127,16
841149,57,18
842465,112,19
842597,78,12
843915,33,15
844357,97,12
845835,23,23
848875,61,9
849390,102,14
854861,116,22
854988,6,21
855050,151,24
857694,94,9
858486,122,21
866916,127,25
867079,118,1
867426,99,20
870187,27,20
873211,87,15
874114,71,21
874705,178,20
874734,34,1
874764,46,15
874877,87,18
875333,149,7
876710,98,3
876715,82,6
879619,26,18
880039,115,18
880169,20,9
880323,73,10
880333,34,2
880401,3,6
882568,24,11
889155,63,14
894585,139,7
896140,40,8
897425,34,18
899158,72,14
901224,141,15
901980,102,7
903223,123,11
904710,122,6
905961,170,3
906152,24,11
906307,141,16
911644,138,16
912329,71,25
912447,64,12
912902,20,20
916497,126,2
917809,5,17
919918,45,17
920218,145,5
923708,106,25
924333,33,17
924466,126,24
926273,90,10
926602,93,25
926850,67,23
928467,23,18
928832,113,7
930096,145,18
930189,142,2
930415,31,25
931516,57,3
933570,29,12
934159,75,20
935048,58,6
935777,171,14
936008,71,10
936565,65,12
936824,143,6
936939,65,5
937107,114,24
937681,120,2
937891,154,21
937917,124,14
939445,79,3
951303,93,23
952943,77,3
954211,159,4
955382,48,23
957838,93,8
970278,59,6
970490,136,17
970493,161,8
973314,36,7
973827,14,10
975860,24,23
976768,48,16
978659,62,1
982545,165,24
984961,133,14
988977,102,19
989448,4,10
992485,76,16
993333,121,3
994229,75,25
996847,82,12
997861,93,20
1000752,142,24
1001019,9,18
1001840,158,9
1003546,49,20
1004295,135,19
1006551,29,25
1014342,106,14
1017271,8,18
1020704,115,22
1024942,109,10
1031409,146,24
1033404,140,19
1047622,61,3
1048097,77,18
1048954,48,19
1052404,26,7
1052906,86,9
1054214,69,20
1054542,165,13
1055220,31,25
1061277,87,24
1063262,135,15
1064499,115,19
1066827,125,16
1067058,86,9
1071136,99,23
1071652,104,6
1072234,180,19
1072259,108,6
1074142,156,17
1074890,127,4
1083190,168,25
1087102,15,7
1093809,96,16
1104249,131,3
1111147,139,18
1113558,20,14
1120726,82,21
1123377,171,12
1124625,122,15
1128180,158,23
1132580,74,16
1143808,39,3
1153785,19,25
1159758,99,3
1160405,73,17
